駅,路線,乗車人員
札幌駅,JR函館本線,103054
苗穂駅,JR千歳線,5196
白石駅,JR千歳線,8542
厚別駅,JR千歳線,3344
森林公園駅,JR千歳線,4246
平和駅,JR千歳線,2835
新札幌駅,JR千歳線,14859
上野幌駅,JR千歳線,2865
桑園駅,JR函館本線,10719
琴似駅,JR函館本線,11827
発寒中央駅,JR函館本線,4556
発寒駅,JR函館本線,4634
稲積公園駅,JR函館本線,4707
手稲駅,JR函館本線,15655
稲穂駅,JR函館本線,944
星置駅,JR函館本線,6059
ほしみ駅,JR函館本線,1112
八軒駅,JR学園都市線,2524
新川駅,JR学園都市線,3301
新琴似駅,JR学園都市線,4181
太平駅,JR学園都市線,988
百合が原駅,JR学園都市線,866
篠路駅,JR学園都市線,3162
拓北駅,JR学園都市線,2603
あいの里教育大駅,JR学園都市線,3888
あいの里公園駅,JR学園都市線,1845
